name,amount
Bergamot Essential Oil from PerfumersWorld,5.0
Lemon Essential Oil from PerfumersWorld,5.0
Aurantiol - Methyl Anthranilate Schiffs Base from PerfumersWorld,2.0
Rose Otto Bulgarian 10% in DPG from PerfumersWorld,2.0
Jasmine Absolute 10% in DPG from PerfumersWorld,2.0
Iso E Super from PerfumersWorld,10.0
Galaxolide 50 DEP from PerfumersWorld,10.0
Hedione from PerfumersWorld,25.0
Clearwood from PerfumersWorld,5.0
Helvetolide from PerfumersWorld,5.0
Ambroxan from PerfumersWorld,2.0
Vanillin from PerfumersWorld,1.0
Ethylene Brassylate from PerfumersWorld,5.0
